event,series,rungs,mean_ask_c,mean_spread_c,winners,mean_pnl_c
KXATPMATCH-26AUG02BONHAN,KXATPMATCH,2,50.5,1.0,1,-2.50
KXATPMATCH-26AUG03CHATIR,KXATPMATCH,2,51.0,1.0,1,-3.00
KXATPMATCH-26AUG05BROSHE,KXATPMATCH,2,51.0,3.0,1,-3.00
KXATPMATCH-26AUG05MEDVAN,KXATPMATCH,2,65.5,19.0,1,-17.50
KXATPMATCH-26AUG07MERMIC,KXATPMATCH,2,50.5,1.5,1,-2.50
KXATPMATCH-26AUG09FONSHE,KXATPMATCH,2,51.0,1.0,1,-3.00
KXATPMATCH-26AUG11HALKWON,KXATPMATCH,2,50.5,4.5,1,-2.50
KXATPMATCH-26JUL12BORKOU,KXATPMATCH,2,51.0,1.5,1,-3.00
KXATPMATCH-26JUL12LAJVAN,KXATPMATCH,2,50.5,1.5,1,-2.50
KXATPMATCH-26JUL15PRIMOL,KXATPMATCH,2,50.0,1.0,1,-2.00
KXATPMATCH-26JUL17COLVAC,KXATPMATCH,2,51.5,2.0,1,-3.50
KXATPMATCH-26JUL19STRSHE,KXATPMATCH,2,50.5,1.0,1,-2.50
KXATPMATCH-26JUL19VANFAR,KXATPMATCH,2,50.5,1.0,1,-2.50
KXATPMATCH-26JUL24BURBLO,KXATPMATCH,2,51.0,1.0,1,-3.00
KXATPMATCH-26JUL27NISSHA,KXATPMATCH,2,51.0,1.5,1,-3.00
KXATPMATCH-26JUL27SVAMEN,KXATPMATCH,2,50.5,1.0,1,-2.50
KXATPMATCH-26JUL29MICMAN,KXATPMATCH,2,50.5,1.5,1,-2.50
KXATPMATCH-26JUL30HUMSHE,KXATPMATCH,2,51.0,1.0,1,-3.00
KXCPIYOY-26JUN,KXCPIYOY,10,20.8,1.1,0,-22.00
KXCPIYOY-26MAY,KXCPIYOY,7,34.6,1.0,2,-7.14
KXEGGS-JUN26,KXEGGS,1,12.0,1.0,0,-13.00
KXEGGS-MAY26,KXEGGS,1,15.0,1.0,0,-16.00
KXFED-26JUL,KXFED,7,3.9,1.0,0,-5.00
KXFED-26JUN,KXFED,4,1.0,1.0,0,-2.00
KXHIGHAUS-26AUG02,KXHIGHAUS,6,18.3,1.2,1,-3.17
KXHIGHAUS-26AUG04,KXHIGHAUS,6,18.2,1.0,1,-3.00
KXHIGHAUS-26AUG06,KXHIGHAUS,6,18.3,2.2,1,-3.00
KXHIGHAUS-26AUG08,KXHIGHAUS,6,17.7,1.8,1,-2.33
KXHIGHAUS-26JUL01,KXHIGHAUS,6,18.3,1.8,1,-3.00
KXHIGHAUS-26JUL04,KXHIGHAUS,6,17.5,1.3,1,-2.17
KXHIGHAUS-26JUL06,KXHIGHAUS,6,18.0,1.7,1,-2.83
KXHIGHAUS-26JUL08,KXHIGHAUS,6,18.2,1.2,1,-2.83
KXHIGHAUS-26JUL10,KXHIGHAUS,6,18.2,1.0,1,-3.00
KXHIGHAUS-26JUL12,KXHIGHAUS,6,17.8,1.7,1,-2.50
KXHIGHAUS-26JUL15,KXHIGHAUS,6,17.7,1.8,1,-2.33
KXHIGHAUS-26JUL17,KXHIGHAUS,5,21.0,1.2,1,-2.60
KXHIGHAUS-26JUL19,KXHIGHAUS,6,18.0,1.2,1,-2.67
KXHIGHAUS-26JUL21,KXHIGHAUS,6,17.5,2.3,1,-2.17
KXHIGHAUS-26JUL24,KXHIGHAUS,6,18.0,1.2,1,-2.67
KXHIGHAUS-26JUL26,KXHIGHAUS,6,18.3,1.7,1,-3.00
KXHIGHAUS-26JUL28,KXHIGHAUS,6,17.8,1.2,1,-2.50
KXHIGHAUS-26JUL30,KXHIGHAUS,6,18.2,1.2,1,-2.83
KXHIGHAUS-26JUN05,KXHIGHAUS,6,19.3,3.0,1,-4.17
KXHIGHAUS-26JUN07,KXHIGHAUS,6,19.0,2.7,1,-3.83
KXHIGHAUS-26JUN09,KXHIGHAUS,6,19.3,2.8,1,-4.00
KXHIGHAUS-26JUN11,KXHIGHAUS,5,21.2,2.2,1,-2.60
KXHIGHAUS-26JUN13,KXHIGHAUS,6,18.0,1.3,1,-2.83
KXHIGHAUS-26JUN16,KXHIGHAUS,6,19.0,1.8,1,-3.83
KXHIGHAUS-26JUN18,KXHIGHAUS,6,17.5,1.5,1,-2.33
KXHIGHAUS-26JUN20,KXHIGHAUS,6,16.7,1.3,1,-1.33
KXHIGHAUS-26JUN22,KXHIGHAUS,5,21.6,1.2,1,-3.00
KXHIGHAUS-26JUN25,KXHIGHAUS,6,18.3,2.2,1,-3.00
KXHIGHAUS-26JUN27,KXHIGHAUS,6,17.5,1.0,1,-2.17
KXHIGHAUS-26JUN29,KXHIGHAUS,5,21.2,1.0,1,-2.80
KXHIGHCHI-26AUG02,KXHIGHCHI,6,17.7,1.0,1,-2.33
KXHIGHCHI-26AUG04,KXHIGHCHI,6,17.2,1.2,1,-1.83
KXHIGHCHI-26AUG06,KXHIGHCHI,6,18.3,1.5,1,-3.17
KXHIGHCHI-26AUG08,KXHIGHCHI,6,18.2,1.7,1,-3.00
KXHIGHCHI-26JUL01,KXHIGHCHI,6,18.0,1.3,1,-2.67
KXHIGHCHI-26JUL04,KXHIGHCHI,6,18.5,1.7,1,-3.17
KXHIGHCHI-26JUL06,KXHIGHCHI,6,18.5,1.2,1,-3.17
KXHIGHCHI-26JUL08,KXHIGHCHI,6,17.7,1.3,1,-2.33
KXHIGHCHI-26JUL10,KXHIGHCHI,6,18.2,1.7,1,-3.00
KXHIGHCHI-26JUL12,KXHIGHCHI,6,18.2,2.0,1,-2.83
KXHIGHCHI-26JUL15,KXHIGHCHI,6,17.8,1.5,1,-2.50
KXHIGHCHI-26JUL17,KXHIGHCHI,6,17.7,1.3,1,-2.33
KXHIGHCHI-26JUL19,KXHIGHCHI,6,18.3,1.2,1,-3.00
KXHIGHCHI-26JUL21,KXHIGHCHI,6,18.3,1.3,1,-3.17
KXHIGHCHI-26JUL24,KXHIGHCHI,6,18.0,1.2,1,-2.83
KXHIGHCHI-26JUL26,KXHIGHCHI,6,18.3,1.7,1,-3.00
KXHIGHCHI-26JUL28,KXHIGHCHI,6,18.2,1.2,1,-2.83
KXHIGHCHI-26JUL30,KXHIGHCHI,6,18.3,1.5,1,-3.00
KXHIGHCHI-26JUN05,KXHIGHCHI,6,19.2,2.5,1,-4.00
KXHIGHCHI-26JUN07,KXHIGHCHI,6,20.5,3.5,1,-5.33
KXHIGHCHI-26JUN09,KXHIGHCHI,6,17.5,1.5,1,-2.17
KXHIGHCHI-26JUN11,KXHIGHCHI,6,18.7,1.2,1,-3.33
KXHIGHCHI-26JUN13,KXHIGHCHI,6,17.8,1.8,1,-2.50
KXHIGHCHI-26JUN16,KXHIGHCHI,5,21.4,1.8,1,-2.80
KXHIGHCHI-26JUN18,KXHIGHCHI,6,17.0,1.7,1,-1.83
KXHIGHCHI-26JUN20,KXHIGHCHI,6,17.3,1.3,1,-2.00
KXHIGHCHI-26JUN22,KXHIGHCHI,6,18.7,1.5,1,-3.50
KXHIGHCHI-26JUN25,KXHIGHCHI,6,19.2,2.5,1,-4.00
KXHIGHCHI-26JUN27,KXHIGHCHI,6,17.8,1.0,1,-2.50
KXHIGHCHI-26JUN29,KXHIGHCHI,6,17.5,1.2,1,-2.17
KXHIGHDEN-26AUG02,KXHIGHDEN,6,17.8,1.2,1,-2.50
KXHIGHDEN-26AUG04,KXHIGHDEN,6,18.0,1.2,1,-3.00
KXHIGHDEN-26AUG06,KXHIGHDEN,5,20.6,1.4,1,-2.20
KXHIGHDEN-26AUG08,KXHIGHDEN,6,17.3,1.5,1,-2.00
KXHIGHDEN-26JUL01,KXHIGHDEN,6,18.7,1.0,1,-3.50
KXHIGHDEN-26JUL04,KXHIGHDEN,6,16.8,1.5,1,-1.50
KXHIGHDEN-26JUL06,KXHIGHDEN,6,17.5,1.2,1,-2.17
KXHIGHDEN-26JUL08,KXHIGHDEN,6,18.0,1.0,1,-2.67
KXHIGHDEN-26JUL10,KXHIGHDEN,6,17.5,1.0,1,-2.33
KXHIGHDEN-26JUL12,KXHIGHDEN,6,18.8,1.3,1,-3.50
KXHIGHDEN-26JUL15,KXHIGHDEN,5,21.8,1.4,1,-3.40
KXHIGHDEN-26JUL17,KXHIGHDEN,6,18.7,1.7,1,-3.33
KXHIGHDEN-26JUL19,KXHIGHDEN,5,20.6,1.0,1,-2.00
KXHIGHDEN-26JUL21,KXHIGHDEN,6,18.2,1.3,1,-3.00
KXHIGHDEN-26JUL24,KXHIGHDEN,6,18.7,1.5,1,-3.50
KXHIGHDEN-26JUL26,KXHIGHDEN,6,18.5,1.7,1,-3.17
KXHIGHDEN-26JUL28,KXHIGHDEN,6,18.3,1.0,1,-3.00
KXHIGHDEN-26JUL30,KXHIGHDEN,6,18.3,1.2,1,-3.00
KXHIGHDEN-26JUN05,KXHIGHDEN,6,18.3,1.0,1,-3.17
KXHIGHDEN-26JUN07,KXHIGHDEN,4,26.0,3.2,1,-2.50
KXHIGHDEN-26JUN09,KXHIGHDEN,6,18.7,1.8,1,-3.50
KXHIGHDEN-26JUN11,KXHIGHDEN,6,18.3,1.5,1,-3.00
KXHIGHDEN-26JUN13,KXHIGHDEN,6,17.7,1.3,1,-2.33
KXHIGHDEN-26JUN16,KXHIGHDEN,6,18.2,2.0,1,-3.00
KXHIGHDEN-26JUN18,KXHIGHDEN,6,17.2,2.0,1,-2.00
KXHIGHDEN-26JUN20,KXHIGHDEN,6,19.0,2.2,1,-3.83
KXHIGHDEN-26JUN22,KXHIGHDEN,6,17.5,1.8,1,-2.33
KXHIGHDEN-26JUN25,KXHIGHDEN,6,19.0,2.7,1,-3.83
KXHIGHDEN-26JUN27,KXHIGHDEN,6,17.0,1.2,1,-1.67
KXHIGHDEN-26JUN29,KXHIGHDEN,6,17.3,1.2,1,-2.00
KXHIGHLAX-26AUG02,KXHIGHLAX,6,17.5,1.0,1,-2.17
KXHIGHLAX-26AUG04,KXHIGHLAX,6,17.5,1.2,1,-2.17
KXHIGHLAX-26AUG06,KXHIGHLAX,6,17.8,1.3,1,-2.50
KXHIGHLAX-26AUG08,KXHIGHLAX,6,18.2,1.2,1,-2.83
KXHIGHLAX-26JUL01,KXHIGHLAX,6,18.3,2.3,1,-3.00
KXHIGHLAX-26JUL04,KXHIGHLAX,6,17.3,1.0,1,-2.00
KXHIGHLAX-26JUL06,KXHIGHLAX,6,18.2,1.2,1,-2.83
KXHIGHLAX-26JUL08,KXHIGHLAX,6,18.2,1.8,1,-2.83
KXHIGHLAX-26JUL10,KXHIGHLAX,6,17.0,1.5,1,-1.67
KXHIGHLAX-26JUL12,KXHIGHLAX,6,18.3,1.2,1,-3.17
KXHIGHLAX-26JUL15,KXHIGHLAX,6,17.5,1.0,1,-2.17
KXHIGHLAX-26JUL17,KXHIGHLAX,6,17.8,1.3,1,-2.50
KXHIGHLAX-26JUL19,KXHIGHLAX,6,17.8,1.5,1,-2.50
KXHIGHLAX-26JUL21,KXHIGHLAX,6,17.8,1.3,1,-2.50
KXHIGHLAX-26JUL24,KXHIGHLAX,6,18.0,1.0,1,-2.67
KXHIGHLAX-26JUL26,KXHIGHLAX,6,17.8,1.0,1,-2.67
KXHIGHLAX-26JUL28,KXHIGHLAX,6,18.0,1.0,1,-2.67
KXHIGHLAX-26JUL30,KXHIGHLAX,6,18.2,1.3,1,-2.83
KXHIGHLAX-26JUN05,KXHIGHLAX,6,18.2,2.2,1,-3.00
KXHIGHLAX-26JUN07,KXHIGHLAX,6,19.0,3.2,1,-3.67
KXHIGHLAX-26JUN09,KXHIGHLAX,6,18.3,1.7,1,-3.00
KXHIGHLAX-26JUN11,KXHIGHLAX,6,18.2,1.7,1,-2.83
KXHIGHLAX-26JUN13,KXHIGHLAX,6,18.0,1.5,1,-2.67
KXHIGHLAX-26JUN16,KXHIGHLAX,6,18.0,1.0,1,-2.83
KXHIGHLAX-26JUN18,KXHIGHLAX,5,21.4,1.6,1,-2.80
KXHIGHLAX-26JUN20,KXHIGHLAX,6,17.2,1.3,1,-1.83
KXHIGHLAX-26JUN22,KXHIGHLAX,6,17.8,1.2,1,-2.50
KXHIGHLAX-26JUN25,KXHIGHLAX,6,17.5,1.2,1,-2.17
KXHIGHLAX-26JUN27,KXHIGHLAX,5,20.8,1.0,1,-2.40
KXHIGHLAX-26JUN29,KXHIGHLAX,6,18.0,1.0,1,-2.67
KXHIGHMIA-26AUG02,KXHIGHMIA,6,18.2,1.2,1,-2.83
KXHIGHMIA-26AUG04,KXHIGHMIA,6,17.5,1.0,1,-2.17
KXHIGHMIA-26AUG06,KXHIGHMIA,6,17.3,1.0,1,-2.17
KXHIGHMIA-26AUG08,KXHIGHMIA,6,18.3,1.3,1,-3.00
KXHIGHMIA-26JUL01,KXHIGHMIA,6,18.7,1.3,1,-3.33
KXHIGHMIA-26JUL04,KXHIGHMIA,6,18.0,1.0,1,-2.67
KXHIGHMIA-26JUL06,KXHIGHMIA,6,18.8,2.0,1,-3.67
KXHIGHMIA-26JUL08,KXHIGHMIA,6,18.2,1.3,1,-2.83
KXHIGHMIA-26JUL10,KXHIGHMIA,6,17.8,1.0,1,-2.50
KXHIGHMIA-26JUL12,KXHIGHMIA,6,18.3,1.3,1,-3.00
KXHIGHMIA-26JUL15,KXHIGHMIA,6,17.8,1.7,1,-2.50
KXHIGHMIA-26JUL17,KXHIGHMIA,6,17.7,1.2,1,-2.50
KXHIGHMIA-26JUL19,KXHIGHMIA,6,18.3,1.0,1,-3.17
KXHIGHMIA-26JUL21,KXHIGHMIA,6,17.3,1.5,1,-2.00
KXHIGHMIA-26JUL24,KXHIGHMIA,6,18.2,1.2,1,-2.83
KXHIGHMIA-26JUL26,KXHIGHMIA,6,18.2,1.2,1,-2.83
KXHIGHMIA-26JUL28,KXHIGHMIA,6,18.3,1.2,1,-3.17
KXHIGHMIA-26JUL30,KXHIGHMIA,6,18.3,1.3,1,-3.00
KXHIGHMIA-26JUN05,KXHIGHMIA,6,18.3,1.3,1,-3.00
KXHIGHMIA-26JUN07,KXHIGHMIA,6,18.7,2.5,1,-3.33
KXHIGHMIA-26JUN09,KXHIGHMIA,6,18.3,1.7,1,-3.17
KXHIGHMIA-26JUN11,KXHIGHMIA,6,18.2,1.5,1,-3.00
KXHIGHMIA-26JUN13,KXHIGHMIA,6,18.0,1.5,1,-2.83
KXHIGHMIA-26JUN16,KXHIGHMIA,6,18.8,1.5,1,-3.50
KXHIGHMIA-26JUN18,KXHIGHMIA,6,17.7,1.7,1,-2.33
KXHIGHMIA-26JUN20,KXHIGHMIA,6,18.2,1.0,1,-2.83
KXHIGHMIA-26JUN22,KXHIGHMIA,6,18.7,1.8,1,-3.33
KXHIGHMIA-26JUN25,KXHIGHMIA,6,17.8,1.2,1,-2.50
KXHIGHMIA-26JUN27,KXHIGHMIA,5,20.2,1.6,1,-1.60
KXHIGHMIA-26JUN29,KXHIGHMIA,6,17.8,1.0,1,-2.50
KXHIGHNY-26AUG02,KXHIGHNY,6,18.2,1.2,1,-2.83
KXHIGHNY-26AUG04,KXHIGHNY,6,18.2,1.0,1,-2.83
KXHIGHNY-26AUG06,KXHIGHNY,6,18.7,1.8,1,-3.50
KXHIGHNY-26AUG08,KXHIGHNY,6,17.8,1.3,1,-2.50
KXHIGHNY-26JUL01,KXHIGHNY,6,18.5,1.8,1,-3.17
KXHIGHNY-26JUL04,KXHIGHNY,6,17.3,1.0,1,-1.67
KXHIGHNY-26JUL06,KXHIGHNY,6,17.5,1.0,1,-1.83
KXHIGHNY-26JUL08,KXHIGHNY,6,17.7,1.0,1,-2.50
KXHIGHNY-26JUL10,KXHIGHNY,6,17.8,1.2,1,-2.50
KXHIGHNY-26JUL12,KXHIGHNY,6,18.2,1.3,1,-2.83
KXHIGHNY-26JUL15,KXHIGHNY,6,17.8,1.2,1,-2.50
KXHIGHNY-26JUL17,KXHIGHNY,6,18.2,1.7,1,-3.00
KXHIGHNY-26JUL19,KXHIGHNY,5,21.2,1.8,1,-2.80
KXHIGHNY-26JUL21,KXHIGHNY,6,18.3,1.0,1,-3.00
KXHIGHNY-26JUL24,KXHIGHNY,6,18.5,1.3,1,-3.17
KXHIGHNY-26JUL26,KXHIGHNY,6,18.3,1.5,1,-3.00
KXHIGHNY-26JUL28,KXHIGHNY,6,17.8,1.5,1,-2.50
KXHIGHNY-26JUL30,KXHIGHNY,6,18.2,1.7,1,-3.00
KXHIGHNY-26JUN05,KXHIGHNY,6,18.0,1.3,1,-2.67
KXHIGHNY-26JUN07,KXHIGHNY,6,17.8,1.0,1,-2.17
KXHIGHNY-26JUN09,KXHIGHNY,6,18.2,1.5,1,-2.83
KXHIGHNY-26JUN11,KXHIGHNY,6,18.7,1.5,1,-3.50
KXHIGHNY-26JUN13,KXHIGHNY,6,18.5,2.0,1,-3.33
KXHIGHNY-26JUN16,KXHIGHNY,6,18.5,1.8,1,-3.33
KXHIGHNY-26JUN18,KXHIGHNY,6,18.5,1.8,1,-3.33
KXHIGHNY-26JUN20,KXHIGHNY,6,18.0,1.2,1,-2.67
KXHIGHNY-26JUN22,KXHIGHNY,6,19.0,2.3,1,-3.83
KXHIGHNY-26JUN25,KXHIGHNY,6,18.3,1.2,1,-3.17
KXHIGHNY-26JUN27,KXHIGHNY,6,18.3,1.0,1,-3.17
KXHIGHNY-26JUN29,KXHIGHNY,6,18.0,1.0,1,-2.83
KXHIGHPHIL-26AUG02,KXHIGHPHIL,6,18.2,1.3,1,-2.83
KXHIGHPHIL-26AUG04,KXHIGHPHIL,6,17.7,1.0,1,-2.33
KXHIGHPHIL-26AUG06,KXHIGHPHIL,6,19.0,1.8,1,-3.67
KXHIGHPHIL-26AUG08,KXHIGHPHIL,6,16.8,1.0,1,-1.50
KXHIGHPHIL-26JUL01,KXHIGHPHIL,6,16.3,2.0,1,-1.00
KXHIGHPHIL-26JUL04,KXHIGHPHIL,5,21.6,1.0,1,-3.00
KXHIGHPHIL-26JUL06,KXHIGHPHIL,6,18.2,1.5,1,-3.00
KXHIGHPHIL-26JUL08,KXHIGHPHIL,6,18.0,1.0,1,-2.83
KXHIGHPHIL-26JUL10,KXHIGHPHIL,6,19.2,2.5,1,-3.83
KXHIGHPHIL-26JUL12,KXHIGHPHIL,6,18.8,2.2,1,-3.67
KXHIGHPHIL-26JUL15,KXHIGHPHIL,6,18.3,1.5,1,-3.17
KXHIGHPHIL-26JUL17,KXHIGHPHIL,6,17.5,1.8,1,-2.33
KXHIGHPHIL-26JUL19,KXHIGHPHIL,6,18.5,1.2,1,-3.17
KXHIGHPHIL-26JUL21,KXHIGHPHIL,6,17.8,2.5,1,-2.50
KXHIGHPHIL-26JUL24,KXHIGHPHIL,6,18.7,1.2,1,-3.50
KXHIGHPHIL-26JUL26,KXHIGHPHIL,6,17.8,1.5,1,-2.50
KXHIGHPHIL-26JUL28,KXHIGHPHIL,6,17.0,1.0,1,-1.83
KXHIGHPHIL-26JUL30,KXHIGHPHIL,6,17.7,1.0,1,-2.33
KXHIGHPHIL-26JUN05,KXHIGHPHIL,6,17.5,1.3,1,-2.00
KXHIGHPHIL-26JUN07,KXHIGHPHIL,6,18.8,1.2,1,-3.50
KXHIGHPHIL-26JUN09,KXHIGHPHIL,6,18.2,2.0,1,-3.00
KXHIGHPHIL-26JUN11,KXHIGHPHIL,5,20.6,3.0,1,-2.20
KXHIGHPHIL-26JUN13,KXHIGHPHIL,6,18.3,1.7,1,-3.00
KXHIGHPHIL-26JUN16,KXHIGHPHIL,6,18.7,1.3,1,-3.50
KXHIGHPHIL-26JUN18,KXHIGHPHIL,6,18.5,2.3,1,-3.17
KXHIGHPHIL-26JUN20,KXHIGHPHIL,6,18.0,1.5,1,-2.67
KXHIGHPHIL-26JUN22,KXHIGHPHIL,6,16.8,1.3,1,-1.50
KXHIGHPHIL-26JUN25,KXHIGHPHIL,6,18.5,1.3,1,-3.17
KXHIGHPHIL-26JUN27,KXHIGHPHIL,6,18.8,1.7,1,-3.50
KXHIGHPHIL-26JUN29,KXHIGHPHIL,6,17.5,1.2,1,-2.17
KXMLBGAME-26AUG011610MINSEA,KXMLBGAME,2,50.5,1.0,1,-2.50
KXMLBGAME-26AUG021335WSHATL,KXMLBGAME,2,50.0,1.0,1,-2.00
KXMLBGAME-26AUG021920BOSLAD,KXMLBGAME,2,50.5,1.0,1,-2.50
KXMLBGAME-26AUG041905STLNYY,KXMLBGAME,2,50.5,1.0,1,-2.50
KXMLBGAME-26AUG051420LADCHC,KXMLBGAME,2,50.0,1.0,1,-2.00
KXMLBGAME-26AUG061235LAABAL,KXMLBGAME,2,50.5,1.0,1,-2.50
KXMLBGAME-26AUG071940CLECWS,KXMLBGAME,2,50.5,1.0,1,-2.50
KXMLBGAME-26AUG081610LAAMIA,KXMLBGAME,2,50.5,1.0,1,-2.50
KXMLBGAME-26AUG091215CINWSH,KXMLBGAME,2,50.5,1.5,1,-2.50
KXMLBGAME-26AUG091410CLECWS,KXMLBGAME,2,50.5,1.0,1,-2.50
KXMLBGAME-26AUG111915NYMATL,KXMLBGAME,2,50.5,1.0,1,-2.50
KXMLBGAME-26JUL101905KCBAL,KXMLBGAME,2,50.5,1.5,1,-2.50
KXMLBGAME-26JUL111410LAAMIN,KXMLBGAME,2,50.0,1.0,1,-2.00
KXMLBGAME-26JUL112110AZLAD,KXMLBGAME,2,51.0,1.5,1,-3.00
KXMLBGAME-26JUL121610TORSD,KXMLBGAME,2,49.5,1.0,1,-1.50
KXMLBGAME-26JUL172010BALHOU,KXMLBGAME,2,51.0,1.0,1,-3.00
KXMLBGAME-26JUL181610MIAMIL,KXMLBGAME,2,50.5,1.0,1,-2.50
KXMLBGAME-26JUL191420MINCHC,KXMLBGAME,2,50.0,1.0,1,-2.00
KXMLBGAME-26JUL201905PITNYY,KXMLBGAME,2,50.5,1.0,1,-2.50
KXMLBGAME-26JUL211907TBTOR,KXMLBGAME,2,51.0,1.0,1,-3.00
KXMLBGAME-26JUL221410NYMMIL,KXMLBGAME,2,51.0,2.0,1,-3.00
KXMLBGAME-26JUL222005CWSTEX,KXMLBGAME,2,50.5,1.5,1,-2.50
KXMLBGAME-26JUL241910SDMIA,KXMLBGAME,2,51.0,1.0,1,-3.00
KXMLBGAME-26JUL251805NYYPHI,KXMLBGAME,2,50.5,1.0,1,-2.50
KXMLBGAME-26JUL261335AZWSH,KXMLBGAME,2,51.0,1.5,1,-3.00
KXMLBGAME-26JUL271845TORWSH,KXMLBGAME,2,50.5,1.0,1,-2.50
KXMLBGAME-26JUL281940KCMIN,KXMLBGAME,2,50.5,1.0,1,-2.50
KXMLBGAME-26JUL291305TORWSH,KXMLBGAME,2,50.5,1.0,1,-2.50
KXMLBGAME-26JUL301210TEXTB,KXMLBGAME,2,50.5,1.0,1,-2.50
KXMLBGAME-26JUL311907STLTOR,KXMLBGAME,2,50.5,1.0,1,-2.50
KXNBAGAME-26JUN05NYKSAS,KXNBAGAME,2,50.5,1.0,1,-2.50
KXNBAGAME-26JUN08SASNYK,KXNBAGAME,2,50.5,1.0,1,-2.50
KXNBAGAME-26JUN10SASNYK,KXNBAGAME,2,50.5,1.0,1,-2.50
KXNBAGAME-26JUN13NYKSAS,KXNBAGAME,2,50.5,1.0,1,-2.50
KXNFLGAME-26AUG06CARARI,KXNFLGAME,2,50.5,1.0,1,-2.50
KXNHLGAME-26JUN06CARVGK,KXNHLGAME,2,51.0,1.5,1,-3.00
KXNHLGAME-26JUN09CARVGK,KXNHLGAME,2,50.5,1.0,1,-2.50
KXNHLGAME-26JUN11VGKCAR,KXNHLGAME,2,50.5,1.0,1,-2.50
KXNHLGAME-26JUN14CARVGK,KXNHLGAME,2,50.5,1.0,1,-2.50
KXPAYROLLS-26JUL,KXPAYROLLS,13,64.5,1.0,1,-58.46
KXPAYROLLS-26JUN,KXPAYROLLS,15,73.3,2.9,7,-28.13
KXRAIN-26AUG01,KXRAIN,20,27.7,3.2,3,-14.05
KXRAIN-26AUG02,KXRAIN,20,25.6,1.3,5,-1.85
KXRAIN-26AUG03,KXRAIN,18,34.3,2.5,5,-7.72
KXRAIN-26AUG04,KXRAIN,19,17.8,2.4,2,-8.42
KXRAIN-26AUG05,KXRAIN,20,30.8,4.8,7,2.85
KXRAIN-26AUG06,KXRAIN,20,26.8,2.1,5,-3.20
KXRAIN-26AUG07,KXRAIN,17,34.1,2.1,6,-0.35
KXRAIN-26AUG08,KXRAIN,20,20.0,1.8,3,-6.40
KXRAIN-26AUG09,KXRAIN,20,28.9,4.2,2,-20.30
KXRAIN-26AUG10,KXRAIN,20,30.1,3.4,4,-11.55
KXRAIN-26JUL15,KXRAIN,20,45.5,6.3,6,-17.20
KXRAIN-26JUL17,KXRAIN,20,64.8,52.4,4,-46.50
KXRAIN-26JUL22,KXRAIN,20,58.9,28.2,5,-35.50
KXRAIN-26JUL23,KXRAIN,19,59.6,42.3,5,-35.05
KXRAIN-26JUL24,KXRAIN,20,54.2,43.6,3,-41.00
KXRAIN-26JUL25,KXRAIN,19,61.4,53.3,3,-47.47
KXRAIN-26JUL26,KXRAIN,20,56.3,36.2,3,-43.05
KXRAIN-26JUL27,KXRAIN,20,29.6,2.1,4,-10.85
KXRAIN-26JUL28,KXRAIN,20,31.0,1.6,6,-2.25
KXRAIN-26JUL29,KXRAIN,20,29.2,1.5,5,-5.40
KXRAIN-26JUL30,KXRAIN,20,24.5,4.2,4,-5.80
KXRAIN-26JUL31,KXRAIN,20,25.4,3.1,3,-11.70
KXUCLGAME-26AUG04DINKAZ,KXUCLGAME,3,34.0,1.0,1,-1.67
KXUCLGAME-26AUG04HBSCZV,KXUCLGAME,3,34.0,1.0,1,-2.67
KXUCLGAME-26AUG04USGBOG,KXUCLGAME,3,33.7,1.0,1,-2.33
KXUCLGAME-26AUG05FENSTU,KXUCLGAME,3,34.0,1.0,1,-2.33
KXUCLGAME-26AUG11NIJOLY,KXUCLGAME,3,33.3,1.0,1,-2.00
KXUCLGAME-26AUG11SBHAGF,KXUCLGAME,3,34.0,1.3,1,-2.67
KXUCLGAME-26AUG11SLOMJA,KXUCLGAME,3,33.7,1.0,1,-2.33
KXUCLGAME-26JUL07BBLLEV,KXUCLGAME,3,35.0,2.7,1,-3.67
KXUCLGAME-26JUL07FLOSHA,KXUCLGAME,3,34.0,1.7,1,-2.67
KXUCLGAME-26JUL07LINESC,KXUCLGAME,3,35.0,2.3,1,-3.67
KXUCLGAME-26JUL07SBHTNS,KXUCLGAME,3,34.3,1.7,1,-2.67
KXUCLGAME-26JUL08ALMSUN,KXUCLGAME,3,33.3,1.0,1,-1.33
KXUCLGAME-26JUL08PEHEGR,KXUCLGAME,3,34.0,1.0,1,-2.67
KXUCLGAME-26JUL14IBETAF,KXUCLGAME,3,34.0,2.7,1,-2.67
KXUCLGAME-26JUL14LARTRF,KXUCLGAME,3,34.7,2.7,1,-2.33
KXUCLGAME-26JUL14LEVBBL,KXUCLGAME,3,33.7,1.7,1,-2.00
KXUCLGAME-26JUL14RFCARA,KXUCLGAME,3,34.0,3.3,1,-2.67
KXUCLGAME-26JUL15BISKI,KXUCLGAME,3,34.3,2.3,1,-3.00
KXUCLGAME-26JUL15SUNALM,KXUCLGAME,2,38.0,2.5,1,10.00
KXUCLGAME-26JUL21AGFLPO,KXUCLGAME,3,34.0,1.0,1,-2.67
KXUCLGAME-26JUL21REYHBS,KXUCLGAME,3,34.0,2.0,1,-2.67
KXUCLGAME-26JUL21SBHKUPS,KXUCLGAME,3,34.0,1.0,1,-2.67
KXUCLGAME-26JUL21STUHOM,KXUCLGAME,3,33.7,1.3,1,-2.33
KXUCLGAME-26JUL22LEVCSU,KXUCLGAME,3,34.7,2.3,1,-3.33
KXUCLGAME-26JUL28DINTHU,KXUCLGAME,3,33.7,1.7,1,-2.00
KXUCLGAME-26JUL28LINMJA,KXUCLGAME,1,18.0,1.0,0,-20.00
KXUCLGAME-26JUL29CSULEV,KXUCLGAME,3,33.7,1.0,1,-2.33
KXUCLGAME-26JUL29CZVLAR,KXUCLGAME,3,34.0,1.0,1,-1.67
KXUCLGAME-26JUL29KAZKI,KXUCLGAME,3,34.3,2.0,1,-3.00
KXUCLGAME-26JUL29SLOIBE,KXUCLGAME,3,33.3,1.0,1,-1.67
KXWTAMATCH-26AUG02JONTAR,KXWTAMATCH,2,50.5,1.0,1,-2.50
KXWTAMATCH-26AUG02WANKAS,KXWTAMATCH,2,51.0,2.0,1,-3.00
KXWTAMATCH-26AUG03KORKUD,KXWTAMATCH,2,50.5,1.0,1,-2.50
KXWTAMATCH-26AUG04MERBON,KXWTAMATCH,2,50.0,1.0,1,-2.00
KXWTAMATCH-26AUG04RAKSIN,KXWTAMATCH,2,50.5,1.0,1,-2.50
KXWTAMATCH-26AUG06SVIPOT,KXWTAMATCH,2,50.5,1.0,1,-2.50
KXWTAMATCH-26AUG09SAMRYB,KXWTAMATCH,2,50.5,1.0,1,-2.50
KXWTAMATCH-26AUG11IATLIU,KXWTAMATCH,2,88.0,79.5,1,-39.00
KXWTAMATCH-26JUL12LEPBUR,KXWTAMATCH,2,90.0,79.0,1,-41.00
KXWTAMATCH-26JUL15KREMON,KXWTAMATCH,2,50.5,1.5,1,-1.50
KXWTAMATCH-26JUL18TAUKRE,KXWTAMATCH,2,52.5,6.0,1,-4.50
KXWTAMATCH-26JUL20BLIBEJ,KXWTAMATCH,2,51.0,1.0,1,-3.00
KXWTAMATCH-26JUL20PARHON,KXWTAMATCH,2,51.0,2.5,1,-3.00
KXWTAMATCH-26JUL20SEISNI,KXWTAMATCH,2,51.0,2.0,1,-3.00
KXWTAMATCH-26JUL22CHAKRA,KXWTAMATCH,2,82.0,63.0,1,-33.50
KXWTAMATCH-26JUL24BOUVAL,KXWTAMATCH,2,50.5,1.0,1,-2.50
KXWTAMATCH-26JUL27SONBRA,KXWTAMATCH,2,51.0,1.5,1,-2.00
KXWTAMATCH-26JUL27ZAKFRU,KXWTAMATCH,2,63.0,29.0,1,-15.00
KXWTAMATCH-26JUL30SHNPOT,KXWTAMATCH,2,50.5,1.0,1,-2.50