0.0100,yes,6.54
0.0100,yes,935.19
0.0100,yes,93.51
0.0100,yes,467.59
0.0100,yes,187.03
0.0100,yes,1.00
0.0100,yes,2.00
0.0100,yes,33.00
0.0100,yes,467.59
0.0100,yes,33.00
0.0100,yes,187.03
0.0100,yes,93.51
0.0100,yes,3.63
0.0100,yes,4.00
0.0100,yes,2.00
0.0100,yes,27.00
0.0100,yes,10.70
0.0100,no,1.00
0.0100,no,62.44
0.0100,no,30.00
0.0100,no,1.00
0.0100,no,100.00
0.0100,no,4.00
0.0100,no,4.00
0.0100,no,11.00
0.0100,no,59.00
0.0100,no,91.00
0.0100,no,336.51
0.0200,yes,1.00
0.0200,yes,4.00
0.0100,no,5.00
0.0100,no,21.00
0.0200,no,5.09
0.0200,no,15.27
0.0300,yes,20.00
0.0200,no,1.00
0.0200,no,1.01
0.0300,yes,10.00
0.0300,yes,12.00
0.0200,no,10.18
0.0400,yes,10.00
0.0300,yes,12.00
0.0300,yes,4.00
0.0400,yes,8.03
0.0200,yes,3.56
0.0200,yes,4.00
0.0200,yes,25.40
0.0200,yes,1.00
0.0200,yes,2.00
0.0200,yes,1.00
0.0200,yes,2.00
0.0200,no,63.60
0.0200,no,1.00
0.0200,no,100.00
0.0200,no,4.00
0.0300,no,4.00
0.0300,no,1.00
0.0400,no,1.00
0.0400,no,12.00
0.0400,no,1.00
0.0300,no,4.51
0.0300,no,4.54
0.0500,no,1.90
0.0400,no,2.27
0.0400,no,4.00
0.0500,no,4.00
0.0500,no,4.00
0.0400,no,0.18
0.0600,yes,6.17
0.0600,yes,1.02
0.0600,yes,4.00
0.0600,yes,4.00
0.0600,yes,8.33
0.0600,yes,6.00
0.0700,yes,12.87
0.0600,yes,18.00
0.0500,yes,4.00
0.0500,yes,1.00
0.0400,no,3.59
0.0400,no,0.27
0.0500,no,1.54
0.0500,no,1.00
0.0400,no,4.00
0.0500,no,3.00
0.0400,no,3.41
0.0400,no,3.59
0.0600,yes,16.57
0.0600,yes,4.00
0.0600,yes,26.91
0.0600,yes,30.70
0.0400,no,3.54
0.0400,no,4.00
0.0400,no,3.46
0.0400,no,1.09
0.0400,no,4.00
0.0400,no,4.00
0.0400,no,1.91
0.0400,no,5.00
0.0500,no,1.00
0.0400,no,2.63
0.0500,no,8.00
0.0600,yes,4.00
0.0600,yes,4.00
0.0600,yes,0.55
0.0600,yes,12.57
0.0600,yes,59.30
0.0600,yes,18.00
0.0600,yes,1.58
0.0600,yes,78.00
0.0600,yes,4.00
0.0600,yes,18.00
0.0500,no,1.00
0.0500,no,31.00
0.0500,no,2.00
0.0500,no,9.00
0.0500,yes,4.00
0.0500,yes,4.00
0.0500,yes,71.00
0.0400,no,0.72
0.0400,no,0.28
0.0400,no,0.91
0.0400,no,0.09
0.0400,no,1.81
0.0400,no,0.19
0.0500,no,4.00
0.0600,yes,50.00
0.0600,yes,4.00
0.0500,yes,4.00
0.0500,yes,4.00
0.0500,yes,1.00
0.0600,yes,8.33
0.0600,yes,5.00
0.0500,yes,10.00
0.0500,yes,10.00
0.0600,yes,20.54
0.0500,yes,75.00
0.0400,no,1.00
0.0400,yes,4.00
0.0400,no,1.00
0.0400,no,1.03
0.0600,yes,1.00
0.0600,yes,50.00
0.0700,yes,27.55
0.0600,yes,12.00
0.0600,yes,8.96
0.0700,yes,100.00
0.0500,yes,4.00
0.0600,yes,10.33
0.0400,yes,4.00
0.0500,yes,1.00
0.0400,yes,4.00
0.0500,yes,5.00
0.0500,yes,25.00
0.0400,yes,4.00
0.0500,yes,1.00
0.0300,no,4.95
0.0300,no,0.05
0.0300,no,1.00
0.0400,yes,4.00
0.0400,yes,4.00
0.0400,yes,65.00
0.0400,yes,7.00
0.0400,yes,2.13
0.0400,yes,4.17
0.0300,yes,4.00
0.0300,yes,10.84
0.0300,yes,3.66
0.0400,yes,5.00
0.0300,yes,2.00
0.0300,yes,20.83
0.0300,yes,9.00
0.0400,yes,19.57
0.0300,yes,2.00
0.0300,yes,1.00
0.0300,yes,1.00
0.0300,yes,4.00
0.0200,no,4.00
0.0200,no,13.36
0.0200,no,82.50
0.0300,yes,4.00
0.0300,yes,2.00
0.0300,yes,5.00
0.0200,no,4.08
0.0300,no,2.71
0.0300,no,11.27
0.0300,no,0.25
0.0200,no,85.75
0.0300,no,1.00
0.0300,no,13.11
0.0400,no,0.89
0.0400,no,1.00
0.0400,no,1.00
0.0500,yes,2.16
0.0400,no,2.07
0.0500,yes,6.00
0.0400,yes,1.00
0.0400,yes,2.00
0.0300,no,0.10
0.0300,no,3.08
0.0500,yes,42.26
0.0300,yes,6.00
0.0500,yes,50.00
0.0300,yes,4.00
0.0500,yes,1.00
0.0800,yes,1.74
0.0400,yes,2.00
0.0600,yes,100.00
0.0600,yes,100.00
0.0400,yes,6.23
0.0400,yes,12.00
0.0300,yes,15.00
0.0400,yes,35.00
0.0500,yes,1.32
0.0400,yes,10.00
0.0500,yes,16.66
0.0300,yes,44.50
0.0400,yes,75.00
0.0800,yes,18.00
0.0500,yes,16.67
0.0300,yes,1.00
0.0300,yes,31.21
0.0300,yes,3.00
0.0300,no,1.65
0.0300,no,4.00
0.0300,no,4.00
0.0300,no,9.73
0.0300,no,1.91
0.0300,no,10.27
0.0300,no,0.10
0.0300,no,0.81
0.0300,no,4.00
0.0300,no,3.00
0.0300,no,4.00
0.0300,no,6.00
0.0300,no,7.00
0.0400,yes,15.00
0.0300,yes,4.00
0.0300,yes,14.00
0.0300,yes,4.00
0.0400,yes,41.93
0.0300,yes,4.00
0.0400,yes,20.57
0.0300,yes,137.60
0.0300,yes,14.80
0.0300,yes,4.00
0.0300,yes,22.00
0.0300,yes,1.00
0.0300,yes,3.00
0.0200,no,0.10
0.0200,yes,4.00
0.0200,yes,2.48
0.0300,yes,9.52
0.0200,yes,1.00
0.0200,yes,8.00
0.0200,yes,25.26
0.0300,yes,13.74
0.0200,yes,4.00
0.0200,yes,4.00
0.0300,yes,9.00
0.0200,yes,4.00
0.0300,yes,9.40
0.0200,yes,29.60
0.0200,yes,4.00
0.0200,yes,21.76
0.0300,yes,9.26
0.0300,yes,9.24
0.0200,yes,16.00
0.0200,yes,10.00
0.0300,yes,117.74
0.0200,yes,4.00
0.0200,yes,5.66
0.0200,yes,16.00
0.0100,no,35.00
0.0200,yes,4.49
0.0200,yes,4.00
0.0200,yes,4.00
0.0200,yes,2.85
0.0200,no,11.85
0.0200,no,111.00
0.0200,no,101.49
0.0200,no,8.15
0.0200,no,0.10
0.0200,no,31.47
0.0200,no,11.90
0.0300,yes,4.00
0.0300,yes,0.67
0.0300,yes,3.83
0.0300,yes,10.00
0.0300,yes,15.50
0.0300,yes,5.83
0.0300,yes,3.34
0.0300,yes,5.83
0.0300,yes,4.00
0.0300,yes,4.00
0.0300,yes,1.00
0.0300,yes,4.00
0.0400,yes,1.00
0.0300,no,0.10
0.0300,no,8.00
0.0200,no,18.00
0.0200,no,30.00
0.0200,no,5.00
0.0200,no,5.00
0.0200,no,5.18
0.0200,no,16.05
0.0200,no,3.95
0.0200,no,5.00
0.0200,no,35.00
0.0300,no,11.00
0.0300,no,1.00
0.0300,no,5.00
0.0400,yes,1.00
0.0400,yes,2.86
0.0400,yes,4.00
0.0500,yes,10.68
0.0400,yes,2.28
0.0400,yes,13.00
0.0400,yes,0.14
0.0400,yes,10.00
0.0300,no,3.00
0.0300,no,2.00
0.0200,no,0.10
0.0300,no,4.00
0.0200,no,1.00
0.0200,no,18.00
0.0300,no,17.00
0.0300,no,2.00
0.0300,no,11.00
0.0300,no,4.00
0.0200,no,0.10
0.0400,yes,4.00
0.0300,yes,1.42
0.0400,yes,4.29
0.0500,yes,5.06
0.0300,yes,10.00
0.0300,yes,10.00
0.0400,no,2.00
0.0300,no,3.00
0.0300,no,6.00
0.0200,no,46.00
0.0300,no,27.64
0.0500,no,2.00
0.0300,no,1.00
0.0200,no,5.00
0.0300,no,50.00
0.0400,no,4.00
0.0400,no,20.00
0.0400,no,18.68
0.0200,no,36.85
0.0400,no,2.03
0.0400,no,4.80
0.0400,no,2.00
0.0300,no,35.00
0.0400,no,0.10
0.0500,no,1.00
0.0500,no,2.00
0.0400,no,1.00
0.0500,no,3.00
0.0500,no,20.90
0.0500,no,2.18
0.0500,no,4.90
0.0500,no,4.00
0.0500,no,0.10
0.0600,yes,1.00
0.0500,no,5.24
0.0600,no,0.67
0.0600,no,1.57
0.0600,no,1.00
0.0600,no,2.71
0.0600,yes,7.81
0.0600,no,2.78
0.0600,no,4.00
0.0600,no,0.10
0.0800,yes,7.07
0.0800,yes,4.00
0.0700,yes,1.57
0.0600,yes,38.89
0.0800,yes,4.00
0.0900,yes,47.55
0.0500,no,0.10
0.0600,yes,24.00
0.0600,no,2.60
0.0600,no,21.74
0.0600,no,4.00
0.0700,no,3.77
0.0600,no,8.00
0.0600,no,10.00
0.0600,no,0.10
0.0700,yes,4.00
0.0700,yes,1.71
0.0700,yes,4.29
0.0600,no,0.10
0.0700,no,3.67
0.0600,no,21.33
0.0700,no,2.00
0.0700,no,2.71
0.0800,yes,5.00
0.0800,yes,1.71
0.0800,yes,2.00
0.0900,yes,33.96
0.0800,yes,7.14
0.0800,yes,4.00
0.0700,no,3.00
0.0600,no,2.00
0.0700,no,0.10
0.0800,yes,50.00
0.1000,yes,6.18
0.0900,yes,4.54
0.1000,yes,19.78
0.0800,yes,4.00
0.0800,yes,1.54
0.0700,yes,4.00
0.0900,yes,9.00
0.0600,no,50.00
0.0600,no,3.00
0.0600,no,3.00
0.0600,no,6.00
0.0600,no,12.00
0.0600,no,2.01
0.0700,no,2.99
0.0700,no,6.62
0.0700,no,2.38
0.0700,no,1.00
0.0700,no,1.04
0.0700,no,11.14
0.0700,no,2.82
0.0700,no,0.10
0.0700,no,0.10
0.0700,no,10.70
0.0800,no,2.26
0.0800,no,7.74
0.0900,yes,1.00
0.1000,yes,4.00
0.0900,yes,4.00
0.1000,yes,0.08
0.0800,no,0.10
0.0800,yes,4.10
0.1000,yes,26.93
0.0900,yes,2.00
0.0800,yes,4.00
0.0900,yes,4.00
0.0900,yes,5.97
0.0800,yes,22.10
0.0800,yes,20.90
0.0700,no,4.04
0.0800,no,1.00
0.0800,no,0.90
0.0800,no,1.00
0.0800,no,1.00
0.0700,no,0.10
0.0700,no,0.10
0.0800,yes,4.00
0.0700,no,0.10
0.0800,yes,1.00
0.0800,yes,10.00
0.0800,yes,14.00
0.0900,no,0.10
0.0800,yes,8.00
0.0900,yes,2.19
0.0800,yes,39.16
0.0800,yes,4.00
0.0800,yes,5.00
0.0700,no,0.10
0.0800,yes,3.00
0.0700,no,0.10
0.0700,yes,2.75
0.0700,yes,2.00
0.0700,yes,4.00
0.0600,no,0.10
0.0600,no,3.41
0.0700,no,8.00
0.0700,yes,1.00
0.0800,yes,13.91
0.0700,yes,0.59
0.0700,yes,0.50
0.0700,yes,2.00
0.0700,yes,3.00
0.0700,yes,1.00
0.0700,yes,4.00
0.0700,yes,10.00
0.0600,no,3.00
0.0700,no,10.00
0.0700,yes,0.99
0.0700,yes,1.20
0.0800,yes,2.81
0.0700,yes,2.69
0.0700,yes,1.31
0.0700,yes,4.00
0.0700,yes,5.00
0.0700,yes,1.00
0.0700,yes,5.00
0.0600,no,27.00
0.0800,yes,2.47
0.0700,yes,4.00
0.0700,yes,5.03
0.0700,yes,5.00
0.0700,no,16.11
0.0700,no,28.57
0.0600,no,35.21
0.0700,no,5.00
0.0800,yes,14.65
0.0800,yes,2.45
0.0700,no,17.00
0.0900,yes,0.55
0.0900,yes,9.45
0.0900,yes,4.00
0.0800,no,0.10
0.0900,yes,8.00
0.0900,no,2.37
0.0900,no,27.00
0.0900,no,3.63
0.0800,no,0.10
0.0800,no,0.91
0.0900,no,5.09
0.0800,no,4.00
0.0900,no,5.00
0.0900,no,1.00
0.1100,yes,36.28
0.1000,yes,7.09
0.1000,yes,70.60
0.1000,no,100.00
0.1000,no,2.00
0.1000,no,50.00
0.1000,no,51.00
0.1100,no,4.00
0.1100,no,8.59
0.1100,no,100.00
0.1100,no,2.27
0.1000,no,3.31
0.1100,yes,2.00
0.1000,no,26.00
0.1000,yes,4.00
0.1000,yes,4.00
0.1100,yes,27.00
0.1000,yes,0.54
0.1000,yes,26.46
0.1000,yes,2.00
0.1200,yes,4.00
0.1000,yes,100.00
0.1000,yes,34.00
0.0700,no,50.00
0.1000,no,4.00
0.1000,no,2.27
0.0800,no,23.00
0.0900,no,25.00
0.1000,no,100.00
0.1100,no,9.09
0.0700,no,2.89
0.0900,no,2.09
0.1200,yes,7.00
0.1200,yes,3.00
0.1200,yes,71.00
0.1100,yes,4.00
0.1100,yes,10.00
0.1100,yes,3.00
0.1000,no,1.00
0.1000,no,5.00
0.1000,no,1.00
0.1000,no,4.00
0.1000,no,5.00
0.1100,yes,1.00
0.0800,no,1.00
0.1000,yes,40.00
0.0800,no,1.00
0.1100,no,84.00
0.1100,no,100.00
0.1100,no,4.00
0.1100,yes,4.00
0.1100,yes,1.00
0.1100,yes,1.00
0.1100,no,4.00
0.1200,yes,1.00
0.1200,yes,1.04
0.1100,yes,2.00
0.1100,yes,1.00
0.1100,no,1.00
0.1100,no,82.61
