0.0100,yes,58.00
0.0100,yes,841.67
0.0100,yes,288.01
0.0100,yes,179.58
0.0100,yes,200.00
0.0100,yes,22.00
0.0100,yes,23.00
0.0100,no,30.00
0.0200,no,20.00
0.0100,no,7.00
0.0100,no,162.76
0.0200,no,43.76
0.0100,no,1.00
0.0100,no,4.00
0.0100,no,100.00
0.0100,no,120.00
0.0200,no,4.00
0.0100,no,2.00
0.0100,no,91.00
0.0300,no,4.00
0.0300,no,1.41
0.0300,no,2.05
0.0400,yes,2.05
0.0300,no,3.00
0.0300,no,1.02
0.0400,yes,2.00
0.0400,yes,5.00
0.0300,yes,0.83
0.0300,yes,3.00
0.0300,yes,4.00
0.0300,yes,1.69
0.0300,yes,8.50
0.0300,yes,1.00
0.0400,yes,9.60
0.0300,yes,3.50
0.0300,yes,4.00
0.0300,yes,1.33
0.0300,yes,3.00
0.0300,yes,1.00
0.0300,yes,2.00
0.0300,yes,7.00
0.0300,yes,4.00
0.0200,no,2.03
0.0300,yes,2.83
0.0300,yes,3.17
0.0300,yes,1.00
0.0200,no,1.00
0.0300,yes,4.00
0.0300,yes,3.50
0.0300,yes,4.50
0.0200,no,1.00
0.0200,no,17.00
0.0200,no,2.00
0.0300,yes,1.00
0.0200,no,17.79
0.0200,no,22.77
0.0200,no,0.29
0.0200,no,52.29
0.0200,no,5.00
0.0200,no,4.00
0.0200,no,1.01
0.0200,no,1.00
0.0200,no,4.00
0.0200,no,4.00
0.0200,no,4.00
0.0200,no,1.87
0.0200,no,4.00
0.0200,no,0.75
0.0200,no,8.25
0.0300,no,6.64
0.0300,no,8.79
0.0300,no,5.00
0.0300,no,5.00
0.0300,no,0.59
0.0400,yes,12.00
0.0500,yes,24.56
0.0400,yes,4.00
0.0300,no,2.00
0.0300,no,19.38
0.0500,yes,17.55
0.0400,yes,4.00
0.0500,yes,12.14
0.0500,yes,12.00
0.0400,yes,4.00
0.0500,yes,3.57
0.0500,yes,4.43
0.0500,yes,12.00
0.0400,yes,4.00
0.0500,yes,22.13
0.0300,yes,4.00
0.0400,yes,20.60
0.0400,yes,6.00
0.0300,yes,1.19
0.0300,yes,0.58
0.0400,yes,25.00
0.0400,yes,1.00
0.0400,yes,7.14
0.0500,yes,13.52
0.0400,yes,12.00
0.0400,yes,8.97
0.0200,no,6.47
0.0300,yes,8.76
0.0400,yes,1.40
0.0300,yes,4.00
0.0200,no,0.28
0.0200,no,4.00
0.0200,no,0.72
0.0300,yes,3.65
0.0300,yes,6.92
0.0300,yes,4.00
0.0300,yes,1.03
0.0200,no,18.00
0.0300,no,18.72
0.0200,no,4.28
0.0400,yes,3.00
0.0300,no,3.10
0.0300,no,1.00
0.0300,no,0.90
0.0300,no,8.00
0.0300,no,13.00
0.0300,no,1.00
0.0500,yes,4.00
0.0600,yes,6.09
0.0400,yes,9.00
0.0700,yes,5.30
0.0700,yes,8.64
0.0500,yes,12.00
0.0600,yes,7.00
0.0600,yes,50.00
0.0500,yes,4.00
0.0400,yes,4.00
0.0500,yes,25.00
0.0600,yes,7.14
0.0400,yes,4.00
0.0700,yes,3.70
0.0500,yes,25.00
0.0400,yes,25.00
0.0500,yes,50.00
0.0600,yes,1.52
0.0500,yes,12.00
0.0400,yes,4.00
0.0500,yes,3.64
0.0400,yes,1.00
0.0400,yes,10.00
0.0400,yes,4.00
0.0400,yes,12.00
0.0500,yes,31.36
0.0400,yes,2.00
0.0400,yes,11.98
0.0400,yes,10.66
0.0400,yes,1.00
0.0300,yes,2.00
0.0300,yes,2.00
0.0300,yes,4.00
0.0300,yes,5.47
0.0400,yes,25.00
0.0400,yes,11.19
0.0400,yes,4.34
0.0400,yes,25.00
0.0300,yes,4.00
0.0200,no,23.00
0.0400,yes,13.81
0.0400,yes,4.00
0.0400,yes,16.35
0.0400,yes,4.00
0.0400,yes,3.78
0.0400,yes,6.89
0.0400,yes,10.33
0.0400,no,1.00
0.0400,no,36.21
0.0400,no,4.00
0.0400,no,33.19
0.0300,no,1.60
0.0400,yes,1.00
0.0400,yes,2.79
0.0400,yes,2.00
0.0400,yes,4.00
0.0400,yes,4.00
0.0400,yes,2.00
0.0400,yes,1.00
0.0400,yes,4.38
0.0400,yes,4.00
0.0500,yes,2.00
0.0500,yes,4.00
0.0500,yes,1.77
0.0600,yes,9.52
0.0500,yes,1.16
0.0500,yes,3.73
0.0500,yes,25.00
0.0500,yes,1.00
0.0500,yes,1.00
0.0500,yes,7.55
0.0600,yes,47.87
0.0500,yes,2.00
0.0500,yes,10.00
0.0400,yes,2.00
0.0400,yes,2.45
0.0400,yes,1.00
0.0400,yes,2.00
0.0400,yes,4.00
0.0400,yes,1.88
0.0400,yes,5.00
0.0300,no,14.87
0.0300,no,4.72
0.0300,no,6.00
0.0300,no,1.00
0.0400,no,26.60
0.0400,no,11.12
0.0300,no,29.28
0.0400,no,1.00
0.0400,no,2.29
0.0400,no,0.73
0.0400,no,5.00
0.0400,no,0.87
0.0400,no,2.05
0.0400,yes,40.30
0.0400,yes,10.00
0.0400,yes,4.00
0.0600,yes,5.16
0.0500,yes,46.03
0.0400,yes,4.73
0.0500,yes,5.30
0.0400,yes,5.00
0.0400,yes,0.70
0.0400,yes,1.00
0.0400,yes,14.00
0.0400,no,2.00
0.0400,yes,4.00
0.0400,yes,1.00
0.0500,yes,3.97
0.0500,yes,1.87
0.0500,yes,1.00
0.0500,yes,0.30
0.0400,no,4.00
0.0400,no,11.86
0.0400,no,49.00
0.0500,no,2.00
0.0500,no,80.00
0.0500,no,11.45
0.0500,no,4.45
0.0500,no,3.00
0.0500,no,19.00
0.0600,yes,46.91
0.0600,yes,10.16
0.0600,yes,39.00
0.0500,no,1.00
0.0600,no,14.18
0.0600,no,4.00
0.0700,yes,1.00
0.0800,no,2.72
0.0800,no,24.00
0.0800,no,6.00
0.1000,yes,1.00
0.1000,yes,6.00
0.1000,yes,15.00
0.0900,yes,5.00
0.1000,yes,86.35
0.0900,yes,5.00
0.0900,yes,6.61
0.0900,yes,9.00
0.0900,yes,28.00
0.0900,yes,4.00
0.0900,yes,1.00
0.0900,yes,3.70
0.0900,yes,1.52
0.0900,yes,5.18
0.0900,yes,1.19
0.0900,yes,8.63
0.0900,yes,10.00
0.0800,no,4.00
0.0800,no,1.00
0.0900,yes,4.00
0.0800,no,1.00
0.0900,yes,10.44
0.1000,no,12.00
0.1000,no,2.21
0.1000,no,12.37
0.1100,yes,1.00
0.1100,no,2.21
0.1300,yes,28.00
0.1300,yes,21.00
0.1300,yes,1.00
0.1200,yes,15.56
0.1200,yes,1.44
0.1200,yes,4.00
0.1200,yes,30.00
0.1200,yes,4.00
0.1200,yes,3.37
0.1200,yes,3.63
0.1300,yes,1.00
0.1200,yes,18.00
0.1100,yes,1.85
0.1200,yes,0.15
0.1200,no,1.15
0.1100,no,4.00
0.1100,no,3.76
0.1100,no,0.54
0.1200,no,11.70
0.1200,no,1.00
0.1200,no,25.00
0.1200,no,10.30
0.1200,no,2.00
0.1200,no,3.00
0.1200,yes,1.00
0.1200,yes,1.00
0.1200,yes,3.00
0.1200,yes,4.00
0.1300,yes,1.00
0.1300,yes,1.00
0.1300,yes,1.00
0.1300,yes,2.00
0.1300,yes,19.00
0.1300,yes,1.00
0.1300,yes,4.00
0.1300,yes,4.00
0.1300,yes,1.00
0.1300,yes,12.52
0.1300,yes,4.00
0.1300,yes,3.48
0.1200,yes,2.00
0.1200,yes,4.54
0.1200,yes,1.00
0.1200,yes,4.00
0.1200,no,1.00
0.1300,yes,1.00
0.1300,no,1.00
0.1300,no,33.16
0.1400,yes,1.00
0.1400,yes,1.00
0.1400,yes,3.06
0.1500,yes,2.33
0.1500,yes,2.33
0.1600,no,2.00
0.1600,no,0.29
0.1400,yes,3.00
0.1400,yes,1.37
0.1300,no,49.00
0.1300,yes,4.00
0.1700,yes,15.00
0.1700,yes,1.00
0.1300,yes,30.05
0.1500,yes,4.00
0.1400,yes,0.10
0.1500,yes,12.00
0.1400,yes,1.45
0.1500,yes,1.00
0.1600,yes,8.40
0.1200,yes,0.93
0.1300,yes,20.25
0.1200,yes,2.00
0.1200,yes,1.00
0.1200,yes,3.82
0.1100,no,8.01
0.1100,no,13.99
0.1100,no,1.00
0.1200,yes,4.00
0.1100,no,2.28
0.1100,no,9.09
0.1000,no,12.63
0.1100,no,5.00
0.1100,no,4.00
0.1300,yes,0.70
0.1300,no,33.00
0.1300,no,9.00
0.1400,yes,23.00
0.1400,yes,11.00
0.1400,yes,100.00
0.1300,no,3.00
0.1300,no,4.00
0.1400,yes,2.00
0.1400,yes,100.00
0.1300,no,1.00
0.1400,yes,3.00
0.1500,yes,5.00
0.2000,no,0.13
0.2000,no,0.43
0.2000,no,0.44
0.2200,no,5.00
0.2500,yes,1.00
0.2600,yes,1.00
0.2600,yes,1.00
0.2600,yes,2.00
0.2600,yes,4.00
0.2600,yes,10.00
